,dataset_name,train_acc,train_balanced_accuracy,train_auc,naive_acc
0,acsincome_synth.csv,0.7979535293117417,0.783656733274934,0.8864902940805454,0.6051691889134501
1,acspubcov_synth.csv,0.7918679669917479,0.767703079673718,0.8702184270169926,0.6357589397349337
2,acsunemployment_synth.csv,0.7479894370423719,0.7487070695371816,0.8329865547816239,0.5193954307206018
3,ipums_synth.csv,0.998,0.9967105263157896,0.9999988184361766,0.696
4,sepsis_synth.csv,1.0,1.0,1.0,0.7015
5,diabetic_data_synth.csv,1.0,1.0,1.0,0.6475
