,dataset_name,train_acc,train_balanced_accuracy,train_auc,naive_acc
0,acsincome_classification.csv,0.8799067328763494,0.8151450629583517,0.9359688623386898,0.7666065043843653
1,acspubcov.csv,0.8657205913983522,0.8431570897703204,0.9326538274342934,0.6251528215486956
2,acsunemployment_filtered.csv,0.8338299059535722,0.8358716265255628,0.9127911411725302,0.5434480780800439
3,college_scorecard.csv,0.978076344165618,0.9318594519875888,0.9961919455590136,0.87285019863301
4,ipums.csv,0.8968481375358166,0.8414072128350598,0.9525898780084272,0.6953830350867708
5,sepsis.csv,0.983285122502754,0.5446564143177598,0.905515411150587,0.982015320091998
6,diabetic_data.csv,0.9350962010887722,0.711596886610251,0.9568430547695845,0.8884008411453728
